code,link,name
110100000000,http://www.stats.gov.cn/tjsj/tjbz/tjyqhdmhcxhfdm/2016/11/1101.html,市辖区
120100000000,http://www.stats.gov.cn/tjsj/tjbz/tjyqhdmhcxhfdm/2016/12/1201.html,市辖区
130100000000,http://www.stats.gov.cn/tjsj/tjbz/tjyqhdmhcxhfdm/2016/13/1301.html,石家庄市
130200000000,http://www.stats.gov.cn/tjsj/tjbz/tjyqhdmhcxhfdm/2016/13/1302.html,唐山市
130300000000,http://www.stats.gov.cn/tjsj/tjbz/tjyqhdmhcxhfdm/2016/13/1303.html,秦皇岛市
130400000000,http://www.stats.gov.cn/tjsj/tjbz/tjyqhdmhcxhfdm/2016/13/1304.html,邯郸市
130500000000,http://www.stats.gov.cn/tjsj/tjbz/tjyqhdmhcxhfdm/2016/13/1305.html,邢台市
130600000000,http://www.stats.gov.cn/tjsj/tjbz/tjyqhdmhcxhfdm/2016/13/1306.html,保定市
130700000000,http://www.stats.gov.cn/tjsj/tjbz/tjyqhdmhcxhfdm/2016/13/1307.html,张家口市
130800000000,http://www.stats.gov.cn/tjsj/tjbz/tjyqhdmhcxhfdm/2016/13/1308.html,承德市
130900000000,http://www.stats.gov.cn/tjsj/tjbz/tjyqhdmhcxhfdm/2016/13/1309.html,沧州市
131000000000,http://www.stats.gov.cn/tjsj/tjbz/tjyqhdmhcxhfdm/2016/13/1310.html,廊坊市
131100000000,http://www.stats.gov.cn/tjsj/tjbz/tjyqhdmhcxhfdm/2016/13/1311.html,衡水市
139000000000,http://www.stats.gov.cn/tjsj/tjbz/tjyqhdmhcxhfdm/2016/13/1390.html,省直辖县级行政区划
140100000000,http://www.stats.gov.cn/tjsj/tjbz/tjyqhdmhcxhfdm/2016/14/1401.html,太原市
140200000000,http://www.stats.gov.cn/tjsj/tjbz/tjyqhdmhcxhfdm/2016/14/1402.html,大同市
140300000000,http://www.stats.gov.cn/tjsj/tjbz/tjyqhdmhcxhfdm/2016/14/1403.html,阳泉市
140400000000,http://www.stats.gov.cn/tjsj/tjbz/tjyqhdmhcxhfdm/2016/14/1404.html,长治市
140500000000,http://www.stats.gov.cn/tjsj/tjbz/tjyqhdmhcxhfdm/2016/14/1405.html,晋城市
140600000000,http://www.stats.gov.cn/tjsj/tjbz/tjyqhdmhcxhfdm/2016/14/1406.html,朔州市
140700000000,http://www.stats.gov.cn/tjsj/tjbz/tjyqhdmhcxhfdm/2016/14/1407.html,晋中市
140800000000,http://www.stats.gov.cn/tjsj/tjbz/tjyqhdmhcxhfdm/2016/14/1408.html,运城市
140900000000,http://www.stats.gov.cn/tjsj/tjbz/tjyqhdmhcxhfdm/2016/14/1409.html,忻州市
141000000000,http://www.stats.gov.cn/tjsj/tjbz/tjyqhdmhcxhfdm/2016/14/1410.html,临汾市
141100000000,http://www.stats.gov.cn/tjsj/tjbz/tjyqhdmhcxhfdm/2016/14/1411.html,吕梁市
150100000000,http://www.stats.gov.cn/tjsj/tjbz/tjyqhdmhcxhfdm/2016/15/1501.html,呼和浩特市
150200000000,http://www.stats.gov.cn/tjsj/tjbz/tjyqhdmhcxhfdm/2016/15/1502.html,包头市
150300000000,http://www.stats.gov.cn/tjsj/tjbz/tjyqhdmhcxhfdm/2016/15/1503.html,乌海市
150400000000,http://www.stats.gov.cn/tjsj/tjbz/tjyqhdmhcxhfdm/2016/15/1504.html,赤峰市
150500000000,http://www.stats.gov.cn/tjsj/tjbz/tjyqhdmhcxhfdm/2016/15/1505.html,通辽市
150600000000,http://www.stats.gov.cn/tjsj/tjbz/tjyqhdmhcxhfdm/2016/15/1506.html,鄂尔多斯市
150700000000,http://www.stats.gov.cn/tjsj/tjbz/tjyqhdmhcxhfdm/2016/15/1507.html,呼伦贝尔市
150800000000,http://www.stats.gov.cn/tjsj/tjbz/tjyqhdmhcxhfdm/2016/15/1508.html,巴彦淖尔市
150900000000,http://www.stats.gov.cn/tjsj/tjbz/tjyqhdmhcxhfdm/2016/15/1509.html,乌兰察布市
152200000000,http://www.stats.gov.cn/tjsj/tjbz/tjyqhdmhcxhfdm/2016/15/1522.html,兴安盟
152500000000,http://www.stats.gov.cn/tjsj/tjbz/tjyqhdmhcxhfdm/2016/15/1525.html,锡林郭勒盟
152900000000,http://www.stats.gov.cn/tjsj/tjbz/tjyqhdmhcxhfdm/2016/15/1529.html,阿拉善盟
210100000000,http://www.stats.gov.cn/tjsj/tjbz/tjyqhdmhcxhfdm/2016/21/2101.html,沈阳市
210200000000,http://www.stats.gov.cn/tjsj/tjbz/tjyqhdmhcxhfdm/2016/21/2102.html,大连市
210300000000,http://www.stats.gov.cn/tjsj/tjbz/tjyqhdmhcxhfdm/2016/21/2103.html,鞍山市
210400000000,http://www.stats.gov.cn/tjsj/tjbz/tjyqhdmhcxhfdm/2016/21/2104.html,抚顺市
210500000000,http://www.stats.gov.cn/tjsj/tjbz/tjyqhdmhcxhfdm/2016/21/2105.html,本溪市
210600000000,http://www.stats.gov.cn/tjsj/tjbz/tjyqhdmhcxhfdm/2016/21/2106.html,丹东市
210700000000,http://www.stats.gov.cn/tjsj/tjbz/tjyqhdmhcxhfdm/2016/21/2107.html,锦州市
210800000000,http://www.stats.gov.cn/tjsj/tjbz/tjyqhdmhcxhfdm/2016/21/2108.html,营口市
210900000000,http://www.stats.gov.cn/tjsj/tjbz/tjyqhdmhcxhfdm/2016/21/2109.html,阜新市
211000000000,http://www.stats.gov.cn/tjsj/tjbz/tjyqhdmhcxhfdm/2016/21/2110.html,辽阳市
211100000000,http://www.stats.gov.cn/tjsj/tjbz/tjyqhdmhcxhfdm/2016/21/2111.html,盘锦市
211200000000,http://www.stats.gov.cn/tjsj/tjbz/tjyqhdmhcxhfdm/2016/21/2112.html,铁岭市
211300000000,http://www.stats.gov.cn/tjsj/tjbz/tjyqhdmhcxhfdm/2016/21/2113.html,朝阳市
211400000000,http://www.stats.gov.cn/tjsj/tjbz/tjyqhdmhcxhfdm/2016/21/2114.html,葫芦岛市
220100000000,http://www.stats.gov.cn/tjsj/tjbz/tjyqhdmhcxhfdm/2016/22/2201.html,长春市
220200000000,http://www.stats.gov.cn/tjsj/tjbz/tjyqhdmhcxhfdm/2016/22/2202.html,吉林市
220300000000,http://www.stats.gov.cn/tjsj/tjbz/tjyqhdmhcxhfdm/2016/22/2203.html,四平市
220400000000,http://www.stats.gov.cn/tjsj/tjbz/tjyqhdmhcxhfdm/2016/22/2204.html,辽源市
220500000000,http://www.stats.gov.cn/tjsj/tjbz/tjyqhdmhcxhfdm/2016/22/2205.html,通化市
220600000000,http://www.stats.gov.cn/tjsj/tjbz/tjyqhdmhcxhfdm/2016/22/2206.html,白山市
220700000000,http://www.stats.gov.cn/tjsj/tjbz/tjyqhdmhcxhfdm/2016/22/2207.html,松原市
220800000000,http://www.stats.gov.cn/tjsj/tjbz/tjyqhdmhcxhfdm/2016/22/2208.html,白城市
222400000000,http://www.stats.gov.cn/tjsj/tjbz/tjyqhdmhcxhfdm/2016/22/2224.html,延边朝鲜族自治州
230100000000,http://www.stats.gov.cn/tjsj/tjbz/tjyqhdmhcxhfdm/2016/23/2301.html,哈尔滨市
230200000000,http://www.stats.gov.cn/tjsj/tjbz/tjyqhdmhcxhfdm/2016/23/2302.html,齐齐哈尔市
230300000000,http://www.stats.gov.cn/tjsj/tjbz/tjyqhdmhcxhfdm/2016/23/2303.html,鸡西市
230400000000,http://www.stats.gov.cn/tjsj/tjbz/tjyqhdmhcxhfdm/2016/23/2304.html,鹤岗市
230500000000,http://www.stats.gov.cn/tjsj/tjbz/tjyqhdmhcxhfdm/2016/23/2305.html,双鸭山市
230600000000,http://www.stats.gov.cn/tjsj/tjbz/tjyqhdmhcxhfdm/2016/23/2306.html,大庆市
230700000000,http://www.stats.gov.cn/tjsj/tjbz/tjyqhdmhcxhfdm/2016/23/2307.html,伊春市
230800000000,http://www.stats.gov.cn/tjsj/tjbz/tjyqhdmhcxhfdm/2016/23/2308.html,佳木斯市
230900000000,http://www.stats.gov.cn/tjsj/tjbz/tjyqhdmhcxhfdm/2016/23/2309.html,七台河市
231000000000,http://www.stats.gov.cn/tjsj/tjbz/tjyqhdmhcxhfdm/2016/23/2310.html,牡丹江市
231100000000,http://www.stats.gov.cn/tjsj/tjbz/tjyqhdmhcxhfdm/2016/23/2311.html,黑河市
231200000000,http://www.stats.gov.cn/tjsj/tjbz/tjyqhdmhcxhfdm/2016/23/2312.html,绥化市
232700000000,http://www.stats.gov.cn/tjsj/tjbz/tjyqhdmhcxhfdm/2016/23/2327.html,大兴安岭地区
310100000000,http://www.stats.gov.cn/tjsj/tjbz/tjyqhdmhcxhfdm/2016/31/3101.html,市辖区
320100000000,http://www.stats.gov.cn/tjsj/tjbz/tjyqhdmhcxhfdm/2016/32/3201.html,南京市
320200000000,http://www.stats.gov.cn/tjsj/tjbz/tjyqhdmhcxhfdm/2016/32/3202.html,无锡市
320300000000,http://www.stats.gov.cn/tjsj/tjbz/tjyqhdmhcxhfdm/2016/32/3203.html,徐州市
320400000000,http://www.stats.gov.cn/tjsj/tjbz/tjyqhdmhcxhfdm/2016/32/3204.html,常州市
320500000000,http://www.stats.gov.cn/tjsj/tjbz/tjyqhdmhcxhfdm/2016/32/3205.html,苏州市
320600000000,http://www.stats.gov.cn/tjsj/tjbz/tjyqhdmhcxhfdm/2016/32/3206.html,南通市
320700000000,http://www.stats.gov.cn/tjsj/tjbz/tjyqhdmhcxhfdm/2016/32/3207.html,连云港市
320800000000,http://www.stats.gov.cn/tjsj/tjbz/tjyqhdmhcxhfdm/2016/32/3208.html,淮安市
320900000000,http://www.stats.gov.cn/tjsj/tjbz/tjyqhdmhcxhfdm/2016/32/3209.html,盐城市
321000000000,http://www.stats.gov.cn/tjsj/tjbz/tjyqhdmhcxhfdm/2016/32/3210.html,扬州市
321100000000,http://www.stats.gov.cn/tjsj/tjbz/tjyqhdmhcxhfdm/2016/32/3211.html,镇江市
321200000000,http://www.stats.gov.cn/tjsj/tjbz/tjyqhdmhcxhfdm/2016/32/3212.html,泰州市
321300000000,http://www.stats.gov.cn/tjsj/tjbz/tjyqhdmhcxhfdm/2016/32/3213.html,宿迁市
330100000000,http://www.stats.gov.cn/tjsj/tjbz/tjyqhdmhcxhfdm/2016/33/3301.html,杭州市
330200000000,http://www.stats.gov.cn/tjsj/tjbz/tjyqhdmhcxhfdm/2016/33/3302.html,宁波市
330300000000,http://www.stats.gov.cn/tjsj/tjbz/tjyqhdmhcxhfdm/2016/33/3303.html,温州市
330400000000,http://www.stats.gov.cn/tjsj/tjbz/tjyqhdmhcxhfdm/2016/33/3304.html,嘉兴市
330500000000,http://www.stats.gov.cn/tjsj/tjbz/tjyqhdmhcxhfdm/2016/33/3305.html,湖州市
330600000000,http://www.stats.gov.cn/tjsj/tjbz/tjyqhdmhcxhfdm/2016/33/3306.html,绍兴市
330700000000,http://www.stats.gov.cn/tjsj/tjbz/tjyqhdmhcxhfdm/2016/33/3307.html,金华市
330800000000,http://www.stats.gov.cn/tjsj/tjbz/tjyqhdmhcxhfdm/2016/33/3308.html,衢州市
330900000000,http://www.stats.gov.cn/tjsj/tjbz/tjyqhdmhcxhfdm/2016/33/3309.html,舟山市
331000000000,http://www.stats.gov.cn/tjsj/tjbz/tjyqhdmhcxhfdm/2016/33/3310.html,台州市
331100000000,http://www.stats.gov.cn/tjsj/tjbz/tjyqhdmhcxhfdm/2016/33/3311.html,丽水市
340100000000,http://www.stats.gov.cn/tjsj/tjbz/tjyqhdmhcxhfdm/2016/34/3401.html,合肥市
340200000000,http://www.stats.gov.cn/tjsj/tjbz/tjyqhdmhcxhfdm/2016/34/3402.html,芜湖市
340300000000,http://www.stats.gov.cn/tjsj/tjbz/tjyqhdmhcxhfdm/2016/34/3403.html,蚌埠市
340400000000,http://www.stats.gov.cn/tjsj/tjbz/tjyqhdmhcxhfdm/2016/34/3404.html,淮南市
340500000000,http://www.stats.gov.cn/tjsj/tjbz/tjyqhdmhcxhfdm/2016/34/3405.html,马鞍山市
340600000000,http://www.stats.gov.cn/tjsj/tjbz/tjyqhdmhcxhfdm/2016/34/3406.html,淮北市
340700000000,http://www.stats.gov.cn/tjsj/tjbz/tjyqhdmhcxhfdm/2016/34/3407.html,铜陵市
340800000000,http://www.stats.gov.cn/tjsj/tjbz/tjyqhdmhcxhfdm/2016/34/3408.html,安庆市
341000000000,http://www.stats.gov.cn/tjsj/tjbz/tjyqhdmhcxhfdm/2016/34/3410.html,黄山市
341100000000,http://www.stats.gov.cn/tjsj/tjbz/tjyqhdmhcxhfdm/2016/34/3411.html,滁州市
341200000000,http://www.stats.gov.cn/tjsj/tjbz/tjyqhdmhcxhfdm/2016/34/3412.html,阜阳市
341300000000,http://www.stats.gov.cn/tjsj/tjbz/tjyqhdmhcxhfdm/2016/34/3413.html,宿州市
341500000000,http://www.stats.gov.cn/tjsj/tjbz/tjyqhdmhcxhfdm/2016/34/3415.html,六安市
341600000000,http://www.stats.gov.cn/tjsj/tjbz/tjyqhdmhcxhfdm/2016/34/3416.html,亳州市
341700000000,http://www.stats.gov.cn/tjsj/tjbz/tjyqhdmhcxhfdm/2016/34/3417.html,池州市
341800000000,http://www.stats.gov.cn/tjsj/tjbz/tjyqhdmhcxhfdm/2016/34/3418.html,宣城市
350100000000,http://www.stats.gov.cn/tjsj/tjbz/tjyqhdmhcxhfdm/2016/35/3501.html,福州市
350200000000,http://www.stats.gov.cn/tjsj/tjbz/tjyqhdmhcxhfdm/2016/35/3502.html,厦门市
350300000000,http://www.stats.gov.cn/tjsj/tjbz/tjyqhdmhcxhfdm/2016/35/3503.html,莆田市
350400000000,http://www.stats.gov.cn/tjsj/tjbz/tjyqhdmhcxhfdm/2016/35/3504.html,三明市
350500000000,http://www.stats.gov.cn/tjsj/tjbz/tjyqhdmhcxhfdm/2016/35/3505.html,泉州市
350600000000,http://www.stats.gov.cn/tjsj/tjbz/tjyqhdmhcxhfdm/2016/35/3506.html,漳州市
350700000000,http://www.stats.gov.cn/tjsj/tjbz/tjyqhdmhcxhfdm/2016/35/3507.html,南平市
350800000000,http://www.stats.gov.cn/tjsj/tjbz/tjyqhdmhcxhfdm/2016/35/3508.html,龙岩市
350900000000,http://www.stats.gov.cn/tjsj/tjbz/tjyqhdmhcxhfdm/2016/35/3509.html,宁德市
360100000000,http://www.stats.gov.cn/tjsj/tjbz/tjyqhdmhcxhfdm/2016/36/3601.html,南昌市
360200000000,http://www.stats.gov.cn/tjsj/tjbz/tjyqhdmhcxhfdm/2016/36/3602.html,景德镇市
360300000000,http://www.stats.gov.cn/tjsj/tjbz/tjyqhdmhcxhfdm/2016/36/3603.html,萍乡市
360400000000,http://www.stats.gov.cn/tjsj/tjbz/tjyqhdmhcxhfdm/2016/36/3604.html,九江市
360500000000,http://www.stats.gov.cn/tjsj/tjbz/tjyqhdmhcxhfdm/2016/36/3605.html,新余市
360600000000,http://www.stats.gov.cn/tjsj/tjbz/tjyqhdmhcxhfdm/2016/36/3606.html,鹰潭市
360700000000,http://www.stats.gov.cn/tjsj/tjbz/tjyqhdmhcxhfdm/2016/36/3607.html,赣州市
360800000000,http://www.stats.gov.cn/tjsj/tjbz/tjyqhdmhcxhfdm/2016/36/3608.html,吉安市
360900000000,http://www.stats.gov.cn/tjsj/tjbz/tjyqhdmhcxhfdm/2016/36/3609.html,宜春市
361000000000,http://www.stats.gov.cn/tjsj/tjbz/tjyqhdmhcxhfdm/2016/36/3610.html,抚州市
361100000000,http://www.stats.gov.cn/tjsj/tjbz/tjyqhdmhcxhfdm/2016/36/3611.html,上饶市
370100000000,http://www.stats.gov.cn/tjsj/tjbz/tjyqhdmhcxhfdm/2016/37/3701.html,济南市
370200000000,http://www.stats.gov.cn/tjsj/tjbz/tjyqhdmhcxhfdm/2016/37/3702.html,青岛市
370300000000,http://www.stats.gov.cn/tjsj/tjbz/tjyqhdmhcxhfdm/2016/37/3703.html,淄博市
370400000000,http://www.stats.gov.cn/tjsj/tjbz/tjyqhdmhcxhfdm/2016/37/3704.html,枣庄市
370500000000,http://www.stats.gov.cn/tjsj/tjbz/tjyqhdmhcxhfdm/2016/37/3705.html,东营市
370600000000,http://www.stats.gov.cn/tjsj/tjbz/tjyqhdmhcxhfdm/2016/37/3706.html,烟台市
370700000000,http://www.stats.gov.cn/tjsj/tjbz/tjyqhdmhcxhfdm/2016/37/3707.html,潍坊市
370800000000,http://www.stats.gov.cn/tjsj/tjbz/tjyqhdmhcxhfdm/2016/37/3708.html,济宁市
370900000000,http://www.stats.gov.cn/tjsj/tjbz/tjyqhdmhcxhfdm/2016/37/3709.html,泰安市
371000000000,http://www.stats.gov.cn/tjsj/tjbz/tjyqhdmhcxhfdm/2016/37/3710.html,威海市
371100000000,http://www.stats.gov.cn/tjsj/tjbz/tjyqhdmhcxhfdm/2016/37/3711.html,日照市
371200000000,http://www.stats.gov.cn/tjsj/tjbz/tjyqhdmhcxhfdm/2016/37/3712.html,莱芜市
371300000000,http://www.stats.gov.cn/tjsj/tjbz/tjyqhdmhcxhfdm/2016/37/3713.html,临沂市
371400000000,http://www.stats.gov.cn/tjsj/tjbz/tjyqhdmhcxhfdm/2016/37/3714.html,德州市
371500000000,http://www.stats.gov.cn/tjsj/tjbz/tjyqhdmhcxhfdm/2016/37/3715.html,聊城市
371600000000,http://www.stats.gov.cn/tjsj/tjbz/tjyqhdmhcxhfdm/2016/37/3716.html,滨州市
371700000000,http://www.stats.gov.cn/tjsj/tjbz/tjyqhdmhcxhfdm/2016/37/3717.html,菏泽市
410100000000,http://www.stats.gov.cn/tjsj/tjbz/tjyqhdmhcxhfdm/2016/41/4101.html,郑州市
410200000000,http://www.stats.gov.cn/tjsj/tjbz/tjyqhdmhcxhfdm/2016/41/4102.html,开封市
410300000000,http://www.stats.gov.cn/tjsj/tjbz/tjyqhdmhcxhfdm/2016/41/4103.html,洛阳市
410400000000,http://www.stats.gov.cn/tjsj/tjbz/tjyqhdmhcxhfdm/2016/41/4104.html,平顶山市
410500000000,http://www.stats.gov.cn/tjsj/tjbz/tjyqhdmhcxhfdm/2016/41/4105.html,安阳市
410600000000,http://www.stats.gov.cn/tjsj/tjbz/tjyqhdmhcxhfdm/2016/41/4106.html,鹤壁市
410700000000,http://www.stats.gov.cn/tjsj/tjbz/tjyqhdmhcxhfdm/2016/41/4107.html,新乡市
410800000000,http://www.stats.gov.cn/tjsj/tjbz/tjyqhdmhcxhfdm/2016/41/4108.html,焦作市
410900000000,http://www.stats.gov.cn/tjsj/tjbz/tjyqhdmhcxhfdm/2016/41/4109.html,濮阳市
411000000000,http://www.stats.gov.cn/tjsj/tjbz/tjyqhdmhcxhfdm/2016/41/4110.html,许昌市
411100000000,http://www.stats.gov.cn/tjsj/tjbz/tjyqhdmhcxhfdm/2016/41/4111.html,漯河市
411200000000,http://www.stats.gov.cn/tjsj/tjbz/tjyqhdmhcxhfdm/2016/41/4112.html,三门峡市
411300000000,http://www.stats.gov.cn/tjsj/tjbz/tjyqhdmhcxhfdm/2016/41/4113.html,南阳市
411400000000,http://www.stats.gov.cn/tjsj/tjbz/tjyqhdmhcxhfdm/2016/41/4114.html,商丘市
411500000000,http://www.stats.gov.cn/tjsj/tjbz/tjyqhdmhcxhfdm/2016/41/4115.html,信阳市
411600000000,http://www.stats.gov.cn/tjsj/tjbz/tjyqhdmhcxhfdm/2016/41/4116.html,周口市
411700000000,http://www.stats.gov.cn/tjsj/tjbz/tjyqhdmhcxhfdm/2016/41/4117.html,驻马店市
419000000000,http://www.stats.gov.cn/tjsj/tjbz/tjyqhdmhcxhfdm/2016/41/4190.html,省直辖县级行政区划
420100000000,http://www.stats.gov.cn/tjsj/tjbz/tjyqhdmhcxhfdm/2016/42/4201.html,武汉市
420200000000,http://www.stats.gov.cn/tjsj/tjbz/tjyqhdmhcxhfdm/2016/42/4202.html,黄石市
420300000000,http://www.stats.gov.cn/tjsj/tjbz/tjyqhdmhcxhfdm/2016/42/4203.html,十堰市
420500000000,http://www.stats.gov.cn/tjsj/tjbz/tjyqhdmhcxhfdm/2016/42/4205.html,宜昌市
420600000000,http://www.stats.gov.cn/tjsj/tjbz/tjyqhdmhcxhfdm/2016/42/4206.html,襄阳市
420700000000,http://www.stats.gov.cn/tjsj/tjbz/tjyqhdmhcxhfdm/2016/42/4207.html,鄂州市
420800000000,http://www.stats.gov.cn/tjsj/tjbz/tjyqhdmhcxhfdm/2016/42/4208.html,荆门市
420900000000,http://www.stats.gov.cn/tjsj/tjbz/tjyqhdmhcxhfdm/2016/42/4209.html,孝感市
421000000000,http://www.stats.gov.cn/tjsj/tjbz/tjyqhdmhcxhfdm/2016/42/4210.html,荆州市
421100000000,http://www.stats.gov.cn/tjsj/tjbz/tjyqhdmhcxhfdm/2016/42/4211.html,黄冈市
421200000000,http://www.stats.gov.cn/tjsj/tjbz/tjyqhdmhcxhfdm/2016/42/4212.html,咸宁市
421300000000,http://www.stats.gov.cn/tjsj/tjbz/tjyqhdmhcxhfdm/2016/42/4213.html,随州市
422800000000,http://www.stats.gov.cn/tjsj/tjbz/tjyqhdmhcxhfdm/2016/42/4228.html,恩施土家族苗族自治州
429000000000,http://www.stats.gov.cn/tjsj/tjbz/tjyqhdmhcxhfdm/2016/42/4290.html,省直辖县级行政区划
430100000000,http://www.stats.gov.cn/tjsj/tjbz/tjyqhdmhcxhfdm/2016/43/4301.html,长沙市
430200000000,http://www.stats.gov.cn/tjsj/tjbz/tjyqhdmhcxhfdm/2016/43/4302.html,株洲市
430300000000,http://www.stats.gov.cn/tjsj/tjbz/tjyqhdmhcxhfdm/2016/43/4303.html,湘潭市
430400000000,http://www.stats.gov.cn/tjsj/tjbz/tjyqhdmhcxhfdm/2016/43/4304.html,衡阳市
430500000000,http://www.stats.gov.cn/tjsj/tjbz/tjyqhdmhcxhfdm/2016/43/4305.html,邵阳市
430600000000,http://www.stats.gov.cn/tjsj/tjbz/tjyqhdmhcxhfdm/2016/43/4306.html,岳阳市
430700000000,http://www.stats.gov.cn/tjsj/tjbz/tjyqhdmhcxhfdm/2016/43/4307.html,常德市
430800000000,http://www.stats.gov.cn/tjsj/tjbz/tjyqhdmhcxhfdm/2016/43/4308.html,张家界市
430900000000,http://www.stats.gov.cn/tjsj/tjbz/tjyqhdmhcxhfdm/2016/43/4309.html,益阳市
431000000000,http://www.stats.gov.cn/tjsj/tjbz/tjyqhdmhcxhfdm/2016/43/4310.html,郴州市
431100000000,http://www.stats.gov.cn/tjsj/tjbz/tjyqhdmhcxhfdm/2016/43/4311.html,永州市
431200000000,http://www.stats.gov.cn/tjsj/tjbz/tjyqhdmhcxhfdm/2016/43/4312.html,怀化市
431300000000,http://www.stats.gov.cn/tjsj/tjbz/tjyqhdmhcxhfdm/2016/43/4313.html,娄底市
433100000000,http://www.stats.gov.cn/tjsj/tjbz/tjyqhdmhcxhfdm/2016/43/4331.html,湘西土家族苗族自治州
440100000000,http://www.stats.gov.cn/tjsj/tjbz/tjyqhdmhcxhfdm/2016/44/4401.html,广州市
440200000000,http://www.stats.gov.cn/tjsj/tjbz/tjyqhdmhcxhfdm/2016/44/4402.html,韶关市
440300000000,http://www.stats.gov.cn/tjsj/tjbz/tjyqhdmhcxhfdm/2016/44/4403.html,深圳市
440400000000,http://www.stats.gov.cn/tjsj/tjbz/tjyqhdmhcxhfdm/2016/44/4404.html,珠海市
440500000000,http://www.stats.gov.cn/tjsj/tjbz/tjyqhdmhcxhfdm/2016/44/4405.html,汕头市
440600000000,http://www.stats.gov.cn/tjsj/tjbz/tjyqhdmhcxhfdm/2016/44/4406.html,佛山市
440700000000,http://www.stats.gov.cn/tjsj/tjbz/tjyqhdmhcxhfdm/2016/44/4407.html,江门市
440800000000,http://www.stats.gov.cn/tjsj/tjbz/tjyqhdmhcxhfdm/2016/44/4408.html,湛江市
440900000000,http://www.stats.gov.cn/tjsj/tjbz/tjyqhdmhcxhfdm/2016/44/4409.html,茂名市
441200000000,http://www.stats.gov.cn/tjsj/tjbz/tjyqhdmhcxhfdm/2016/44/4412.html,肇庆市
441300000000,http://www.stats.gov.cn/tjsj/tjbz/tjyqhdmhcxhfdm/2016/44/4413.html,惠州市
441400000000,http://www.stats.gov.cn/tjsj/tjbz/tjyqhdmhcxhfdm/2016/44/4414.html,梅州市
441500000000,http://www.stats.gov.cn/tjsj/tjbz/tjyqhdmhcxhfdm/2016/44/4415.html,汕尾市
441600000000,http://www.stats.gov.cn/tjsj/tjbz/tjyqhdmhcxhfdm/2016/44/4416.html,河源市
441700000000,http://www.stats.gov.cn/tjsj/tjbz/tjyqhdmhcxhfdm/2016/44/4417.html,阳江市
441800000000,http://www.stats.gov.cn/tjsj/tjbz/tjyqhdmhcxhfdm/2016/44/4418.html,清远市
441900000000,http://www.stats.gov.cn/tjsj/tjbz/tjyqhdmhcxhfdm/2016/44/4419.html,东莞市
442000000000,http://www.stats.gov.cn/tjsj/tjbz/tjyqhdmhcxhfdm/2016/44/4420.html,中山市
445100000000,http://www.stats.gov.cn/tjsj/tjbz/tjyqhdmhcxhfdm/2016/44/4451.html,潮州市
445200000000,http://www.stats.gov.cn/tjsj/tjbz/tjyqhdmhcxhfdm/2016/44/4452.html,揭阳市
445300000000,http://www.stats.gov.cn/tjsj/tjbz/tjyqhdmhcxhfdm/2016/44/4453.html,云浮市
450100000000,http://www.stats.gov.cn/tjsj/tjbz/tjyqhdmhcxhfdm/2016/45/4501.html,南宁市
450200000000,http://www.stats.gov.cn/tjsj/tjbz/tjyqhdmhcxhfdm/2016/45/4502.html,柳州市
450300000000,http://www.stats.gov.cn/tjsj/tjbz/tjyqhdmhcxhfdm/2016/45/4503.html,桂林市
450400000000,http://www.stats.gov.cn/tjsj/tjbz/tjyqhdmhcxhfdm/2016/45/4504.html,梧州市
450500000000,http://www.stats.gov.cn/tjsj/tjbz/tjyqhdmhcxhfdm/2016/45/4505.html,北海市
450600000000,http://www.stats.gov.cn/tjsj/tjbz/tjyqhdmhcxhfdm/2016/45/4506.html,防城港市
450700000000,http://www.stats.gov.cn/tjsj/tjbz/tjyqhdmhcxhfdm/2016/45/4507.html,钦州市
450800000000,http://www.stats.gov.cn/tjsj/tjbz/tjyqhdmhcxhfdm/2016/45/4508.html,贵港市
450900000000,http://www.stats.gov.cn/tjsj/tjbz/tjyqhdmhcxhfdm/2016/45/4509.html,玉林市
451000000000,http://www.stats.gov.cn/tjsj/tjbz/tjyqhdmhcxhfdm/2016/45/4510.html,百色市
451100000000,http://www.stats.gov.cn/tjsj/tjbz/tjyqhdmhcxhfdm/2016/45/4511.html,贺州市
451200000000,http://www.stats.gov.cn/tjsj/tjbz/tjyqhdmhcxhfdm/2016/45/4512.html,河池市
451300000000,http://www.stats.gov.cn/tjsj/tjbz/tjyqhdmhcxhfdm/2016/45/4513.html,来宾市
451400000000,http://www.stats.gov.cn/tjsj/tjbz/tjyqhdmhcxhfdm/2016/45/4514.html,崇左市
460100000000,http://www.stats.gov.cn/tjsj/tjbz/tjyqhdmhcxhfdm/2016/46/4601.html,海口市
460200000000,http://www.stats.gov.cn/tjsj/tjbz/tjyqhdmhcxhfdm/2016/46/4602.html,三亚市
460300000000,http://www.stats.gov.cn/tjsj/tjbz/tjyqhdmhcxhfdm/2016/46/4603.html,三沙市
460400000000,http://www.stats.gov.cn/tjsj/tjbz/tjyqhdmhcxhfdm/2016/46/4604.html,儋州市
469000000000,http://www.stats.gov.cn/tjsj/tjbz/tjyqhdmhcxhfdm/2016/46/4690.html,省直辖县级行政区划
500100000000,http://www.stats.gov.cn/tjsj/tjbz/tjyqhdmhcxhfdm/2016/50/5001.html,市辖区
500200000000,http://www.stats.gov.cn/tjsj/tjbz/tjyqhdmhcxhfdm/2016/50/5002.html,县
510100000000,http://www.stats.gov.cn/tjsj/tjbz/tjyqhdmhcxhfdm/2016/51/5101.html,成都市
510300000000,http://www.stats.gov.cn/tjsj/tjbz/tjyqhdmhcxhfdm/2016/51/5103.html,自贡市
510400000000,http://www.stats.gov.cn/tjsj/tjbz/tjyqhdmhcxhfdm/2016/51/5104.html,攀枝花市
510500000000,http://www.stats.gov.cn/tjsj/tjbz/tjyqhdmhcxhfdm/2016/51/5105.html,泸州市
510600000000,http://www.stats.gov.cn/tjsj/tjbz/tjyqhdmhcxhfdm/2016/51/5106.html,德阳市
510700000000,http://www.stats.gov.cn/tjsj/tjbz/tjyqhdmhcxhfdm/2016/51/5107.html,绵阳市
510800000000,http://www.stats.gov.cn/tjsj/tjbz/tjyqhdmhcxhfdm/2016/51/5108.html,广元市
510900000000,http://www.stats.gov.cn/tjsj/tjbz/tjyqhdmhcxhfdm/2016/51/5109.html,遂宁市
511000000000,http://www.stats.gov.cn/tjsj/tjbz/tjyqhdmhcxhfdm/2016/51/5110.html,内江市
511100000000,http://www.stats.gov.cn/tjsj/tjbz/tjyqhdmhcxhfdm/2016/51/5111.html,乐山市
511300000000,http://www.stats.gov.cn/tjsj/tjbz/tjyqhdmhcxhfdm/2016/51/5113.html,南充市
511400000000,http://www.stats.gov.cn/tjsj/tjbz/tjyqhdmhcxhfdm/2016/51/5114.html,眉山市
511500000000,http://www.stats.gov.cn/tjsj/tjbz/tjyqhdmhcxhfdm/2016/51/5115.html,宜宾市
511600000000,http://www.stats.gov.cn/tjsj/tjbz/tjyqhdmhcxhfdm/2016/51/5116.html,广安市
511700000000,http://www.stats.gov.cn/tjsj/tjbz/tjyqhdmhcxhfdm/2016/51/5117.html,达州市
511800000000,http://www.stats.gov.cn/tjsj/tjbz/tjyqhdmhcxhfdm/2016/51/5118.html,雅安市
511900000000,http://www.stats.gov.cn/tjsj/tjbz/tjyqhdmhcxhfdm/2016/51/5119.html,巴中市
512000000000,http://www.stats.gov.cn/tjsj/tjbz/tjyqhdmhcxhfdm/2016/51/5120.html,资阳市
513200000000,http://www.stats.gov.cn/tjsj/tjbz/tjyqhdmhcxhfdm/2016/51/5132.html,阿坝藏族羌族自治州
513300000000,http://www.stats.gov.cn/tjsj/tjbz/tjyqhdmhcxhfdm/2016/51/5133.html,甘孜藏族自治州
513400000000,http://www.stats.gov.cn/tjsj/tjbz/tjyqhdmhcxhfdm/2016/51/5134.html,凉山彝族自治州
520100000000,http://www.stats.gov.cn/tjsj/tjbz/tjyqhdmhcxhfdm/2016/52/5201.html,贵阳市
520200000000,http://www.stats.gov.cn/tjsj/tjbz/tjyqhdmhcxhfdm/2016/52/5202.html,六盘水市
520300000000,http://www.stats.gov.cn/tjsj/tjbz/tjyqhdmhcxhfdm/2016/52/5203.html,遵义市
520400000000,http://www.stats.gov.cn/tjsj/tjbz/tjyqhdmhcxhfdm/2016/52/5204.html,安顺市
520500000000,http://www.stats.gov.cn/tjsj/tjbz/tjyqhdmhcxhfdm/2016/52/5205.html,毕节市
520600000000,http://www.stats.gov.cn/tjsj/tjbz/tjyqhdmhcxhfdm/2016/52/5206.html,铜仁市
522300000000,http://www.stats.gov.cn/tjsj/tjbz/tjyqhdmhcxhfdm/2016/52/5223.html,黔西南布依族苗族自治州
522600000000,http://www.stats.gov.cn/tjsj/tjbz/tjyqhdmhcxhfdm/2016/52/5226.html,黔东南苗族侗族自治州
522700000000,http://www.stats.gov.cn/tjsj/tjbz/tjyqhdmhcxhfdm/2016/52/5227.html,黔南布依族苗族自治州
530100000000,http://www.stats.gov.cn/tjsj/tjbz/tjyqhdmhcxhfdm/2016/53/5301.html,昆明市
530300000000,http://www.stats.gov.cn/tjsj/tjbz/tjyqhdmhcxhfdm/2016/53/5303.html,曲靖市
530400000000,http://www.stats.gov.cn/tjsj/tjbz/tjyqhdmhcxhfdm/2016/53/5304.html,玉溪市
530500000000,http://www.stats.gov.cn/tjsj/tjbz/tjyqhdmhcxhfdm/2016/53/5305.html,保山市
530600000000,http://www.stats.gov.cn/tjsj/tjbz/tjyqhdmhcxhfdm/2016/53/5306.html,昭通市
530700000000,http://www.stats.gov.cn/tjsj/tjbz/tjyqhdmhcxhfdm/2016/53/5307.html,丽江市
530800000000,http://www.stats.gov.cn/tjsj/tjbz/tjyqhdmhcxhfdm/2016/53/5308.html,普洱市
530900000000,http://www.stats.gov.cn/tjsj/tjbz/tjyqhdmhcxhfdm/2016/53/5309.html,临沧市
532300000000,http://www.stats.gov.cn/tjsj/tjbz/tjyqhdmhcxhfdm/2016/53/5323.html,楚雄彝族自治州
532500000000,http://www.stats.gov.cn/tjsj/tjbz/tjyqhdmhcxhfdm/2016/53/5325.html,红河哈尼族彝族自治州
532600000000,http://www.stats.gov.cn/tjsj/tjbz/tjyqhdmhcxhfdm/2016/53/5326.html,文山壮族苗族自治州
532800000000,http://www.stats.gov.cn/tjsj/tjbz/tjyqhdmhcxhfdm/2016/53/5328.html,西双版纳傣族自治州
532900000000,http://www.stats.gov.cn/tjsj/tjbz/tjyqhdmhcxhfdm/2016/53/5329.html,大理白族自治州
533100000000,http://www.stats.gov.cn/tjsj/tjbz/tjyqhdmhcxhfdm/2016/53/5331.html,德宏傣族景颇族自治州
533300000000,http://www.stats.gov.cn/tjsj/tjbz/tjyqhdmhcxhfdm/2016/53/5333.html,怒江傈僳族自治州
533400000000,http://www.stats.gov.cn/tjsj/tjbz/tjyqhdmhcxhfdm/2016/53/5334.html,迪庆藏族自治州
540100000000,http://www.stats.gov.cn/tjsj/tjbz/tjyqhdmhcxhfdm/2016/54/5401.html,拉萨市
540200000000,http://www.stats.gov.cn/tjsj/tjbz/tjyqhdmhcxhfdm/2016/54/5402.html,日喀则市
540300000000,http://www.stats.gov.cn/tjsj/tjbz/tjyqhdmhcxhfdm/2016/54/5403.html,昌都市
540400000000,http://www.stats.gov.cn/tjsj/tjbz/tjyqhdmhcxhfdm/2016/54/5404.html,林芝市
540500000000,http://www.stats.gov.cn/tjsj/tjbz/tjyqhdmhcxhfdm/2016/54/5405.html,山南市
542400000000,http://www.stats.gov.cn/tjsj/tjbz/tjyqhdmhcxhfdm/2016/54/5424.html,那曲地区
542500000000,http://www.stats.gov.cn/tjsj/tjbz/tjyqhdmhcxhfdm/2016/54/5425.html,阿里地区
610100000000,http://www.stats.gov.cn/tjsj/tjbz/tjyqhdmhcxhfdm/2016/61/6101.html,西安市
610200000000,http://www.stats.gov.cn/tjsj/tjbz/tjyqhdmhcxhfdm/2016/61/6102.html,铜川市
610300000000,http://www.stats.gov.cn/tjsj/tjbz/tjyqhdmhcxhfdm/2016/61/6103.html,宝鸡市
610400000000,http://www.stats.gov.cn/tjsj/tjbz/tjyqhdmhcxhfdm/2016/61/6104.html,咸阳市
610500000000,http://www.stats.gov.cn/tjsj/tjbz/tjyqhdmhcxhfdm/2016/61/6105.html,渭南市
610600000000,http://www.stats.gov.cn/tjsj/tjbz/tjyqhdmhcxhfdm/2016/61/6106.html,延安市
610700000000,http://www.stats.gov.cn/tjsj/tjbz/tjyqhdmhcxhfdm/2016/61/6107.html,汉中市
610800000000,http://www.stats.gov.cn/tjsj/tjbz/tjyqhdmhcxhfdm/2016/61/6108.html,榆林市
610900000000,http://www.stats.gov.cn/tjsj/tjbz/tjyqhdmhcxhfdm/2016/61/6109.html,安康市
611000000000,http://www.stats.gov.cn/tjsj/tjbz/tjyqhdmhcxhfdm/2016/61/6110.html,商洛市
620100000000,http://www.stats.gov.cn/tjsj/tjbz/tjyqhdmhcxhfdm/2016/62/6201.html,兰州市
620200000000,http://www.stats.gov.cn/tjsj/tjbz/tjyqhdmhcxhfdm/2016/62/6202.html,嘉峪关市
620300000000,http://www.stats.gov.cn/tjsj/tjbz/tjyqhdmhcxhfdm/2016/62/6203.html,金昌市
620400000000,http://www.stats.gov.cn/tjsj/tjbz/tjyqhdmhcxhfdm/2016/62/6204.html,白银市
620500000000,http://www.stats.gov.cn/tjsj/tjbz/tjyqhdmhcxhfdm/2016/62/6205.html,天水市
620600000000,http://www.stats.gov.cn/tjsj/tjbz/tjyqhdmhcxhfdm/2016/62/6206.html,武威市
620700000000,http://www.stats.gov.cn/tjsj/tjbz/tjyqhdmhcxhfdm/2016/62/6207.html,张掖市
620800000000,http://www.stats.gov.cn/tjsj/tjbz/tjyqhdmhcxhfdm/2016/62/6208.html,平凉市
620900000000,http://www.stats.gov.cn/tjsj/tjbz/tjyqhdmhcxhfdm/2016/62/6209.html,酒泉市
621000000000,http://www.stats.gov.cn/tjsj/tjbz/tjyqhdmhcxhfdm/2016/62/6210.html,庆阳市
621100000000,http://www.stats.gov.cn/tjsj/tjbz/tjyqhdmhcxhfdm/2016/62/6211.html,定西市
621200000000,http://www.stats.gov.cn/tjsj/tjbz/tjyqhdmhcxhfdm/2016/62/6212.html,陇南市
622900000000,http://www.stats.gov.cn/tjsj/tjbz/tjyqhdmhcxhfdm/2016/62/6229.html,临夏回族自治州
623000000000,http://www.stats.gov.cn/tjsj/tjbz/tjyqhdmhcxhfdm/2016/62/6230.html,甘南藏族自治州
630100000000,http://www.stats.gov.cn/tjsj/tjbz/tjyqhdmhcxhfdm/2016/63/6301.html,西宁市
630200000000,http://www.stats.gov.cn/tjsj/tjbz/tjyqhdmhcxhfdm/2016/63/6302.html,海东市
632200000000,http://www.stats.gov.cn/tjsj/tjbz/tjyqhdmhcxhfdm/2016/63/6322.html,海北藏族自治州
632300000000,http://www.stats.gov.cn/tjsj/tjbz/tjyqhdmhcxhfdm/2016/63/6323.html,黄南藏族自治州
632500000000,http://www.stats.gov.cn/tjsj/tjbz/tjyqhdmhcxhfdm/2016/63/6325.html,海南藏族自治州
632600000000,http://www.stats.gov.cn/tjsj/tjbz/tjyqhdmhcxhfdm/2016/63/6326.html,果洛藏族自治州
632700000000,http://www.stats.gov.cn/tjsj/tjbz/tjyqhdmhcxhfdm/2016/63/6327.html,玉树藏族自治州
632800000000,http://www.stats.gov.cn/tjsj/tjbz/tjyqhdmhcxhfdm/2016/63/6328.html,海西蒙古族藏族自治州
640100000000,http://www.stats.gov.cn/tjsj/tjbz/tjyqhdmhcxhfdm/2016/64/6401.html,银川市
640200000000,http://www.stats.gov.cn/tjsj/tjbz/tjyqhdmhcxhfdm/2016/64/6402.html,石嘴山市
640300000000,http://www.stats.gov.cn/tjsj/tjbz/tjyqhdmhcxhfdm/2016/64/6403.html,吴忠市
640400000000,http://www.stats.gov.cn/tjsj/tjbz/tjyqhdmhcxhfdm/2016/64/6404.html,固原市
640500000000,http://www.stats.gov.cn/tjsj/tjbz/tjyqhdmhcxhfdm/2016/64/6405.html,中卫市
650100000000,http://www.stats.gov.cn/tjsj/tjbz/tjyqhdmhcxhfdm/2016/65/6501.html,乌鲁木齐市
650200000000,http://www.stats.gov.cn/tjsj/tjbz/tjyqhdmhcxhfdm/2016/65/6502.html,克拉玛依市
650400000000,http://www.stats.gov.cn/tjsj/tjbz/tjyqhdmhcxhfdm/2016/65/6504.html,吐鲁番市
650500000000,http://www.stats.gov.cn/tjsj/tjbz/tjyqhdmhcxhfdm/2016/65/6505.html,哈密市
652300000000,http://www.stats.gov.cn/tjsj/tjbz/tjyqhdmhcxhfdm/2016/65/6523.html,昌吉回族自治州
652700000000,http://www.stats.gov.cn/tjsj/tjbz/tjyqhdmhcxhfdm/2016/65/6527.html,博尔塔拉蒙古自治州
652800000000,http://www.stats.gov.cn/tjsj/tjbz/tjyqhdmhcxhfdm/2016/65/6528.html,巴音郭楞蒙古自治州
652900000000,http://www.stats.gov.cn/tjsj/tjbz/tjyqhdmhcxhfdm/2016/65/6529.html,阿克苏地区
653000000000,http://www.stats.gov.cn/tjsj/tjbz/tjyqhdmhcxhfdm/2016/65/6530.html,克孜勒苏柯尔克孜自治州
653100000000,http://www.stats.gov.cn/tjsj/tjbz/tjyqhdmhcxhfdm/2016/65/6531.html,喀什地区
653200000000,http://www.stats.gov.cn/tjsj/tjbz/tjyqhdmhcxhfdm/2016/65/6532.html,和田地区
654000000000,http://www.stats.gov.cn/tjsj/tjbz/tjyqhdmhcxhfdm/2016/65/6540.html,伊犁哈萨克自治州
654200000000,http://www.stats.gov.cn/tjsj/tjbz/tjyqhdmhcxhfdm/2016/65/6542.html,塔城地区
654300000000,http://www.stats.gov.cn/tjsj/tjbz/tjyqhdmhcxhfdm/2016/65/6543.html,阿勒泰地区
659000000000,http://www.stats.gov.cn/tjsj/tjbz/tjyqhdmhcxhfdm/2016/65/6590.html,自治区直辖县级行政区划
