code,name,link
110100000000,市辖区,http://www.stats.gov.cn/tjsj/tjbz/tjyqhdmhcxhfdm/2016/11/1101.html
120100000000,市辖区,http://www.stats.gov.cn/tjsj/tjbz/tjyqhdmhcxhfdm/2016/12/1201.html
130100000000,石家庄市,http://www.stats.gov.cn/tjsj/tjbz/tjyqhdmhcxhfdm/2016/13/1301.html
130200000000,唐山市,http://www.stats.gov.cn/tjsj/tjbz/tjyqhdmhcxhfdm/2016/13/1302.html
130300000000,秦皇岛市,http://www.stats.gov.cn/tjsj/tjbz/tjyqhdmhcxhfdm/2016/13/1303.html
130400000000,邯郸市,http://www.stats.gov.cn/tjsj/tjbz/tjyqhdmhcxhfdm/2016/13/1304.html
130500000000,邢台市,http://www.stats.gov.cn/tjsj/tjbz/tjyqhdmhcxhfdm/2016/13/1305.html
130600000000,保定市,http://www.stats.gov.cn/tjsj/tjbz/tjyqhdmhcxhfdm/2016/13/1306.html
130700000000,张家口市,http://www.stats.gov.cn/tjsj/tjbz/tjyqhdmhcxhfdm/2016/13/1307.html
130800000000,承德市,http://www.stats.gov.cn/tjsj/tjbz/tjyqhdmhcxhfdm/2016/13/1308.html
130900000000,沧州市,http://www.stats.gov.cn/tjsj/tjbz/tjyqhdmhcxhfdm/2016/13/1309.html
131000000000,廊坊市,http://www.stats.gov.cn/tjsj/tjbz/tjyqhdmhcxhfdm/2016/13/1310.html
131100000000,衡水市,http://www.stats.gov.cn/tjsj/tjbz/tjyqhdmhcxhfdm/2016/13/1311.html
139000000000,省直辖县级行政区划,http://www.stats.gov.cn/tjsj/tjbz/tjyqhdmhcxhfdm/2016/13/1390.html
140100000000,太原市,http://www.stats.gov.cn/tjsj/tjbz/tjyqhdmhcxhfdm/2016/14/1401.html
140200000000,大同市,http://www.stats.gov.cn/tjsj/tjbz/tjyqhdmhcxhfdm/2016/14/1402.html
140300000000,阳泉市,http://www.stats.gov.cn/tjsj/tjbz/tjyqhdmhcxhfdm/2016/14/1403.html
140400000000,长治市,http://www.stats.gov.cn/tjsj/tjbz/tjyqhdmhcxhfdm/2016/14/1404.html
140500000000,晋城市,http://www.stats.gov.cn/tjsj/tjbz/tjyqhdmhcxhfdm/2016/14/1405.html
140600000000,朔州市,http://www.stats.gov.cn/tjsj/tjbz/tjyqhdmhcxhfdm/2016/14/1406.html
140700000000,晋中市,http://www.stats.gov.cn/tjsj/tjbz/tjyqhdmhcxhfdm/2016/14/1407.html
140800000000,运城市,http://www.stats.gov.cn/tjsj/tjbz/tjyqhdmhcxhfdm/2016/14/1408.html
140900000000,忻州市,http://www.stats.gov.cn/tjsj/tjbz/tjyqhdmhcxhfdm/2016/14/1409.html
141000000000,临汾市,http://www.stats.gov.cn/tjsj/tjbz/tjyqhdmhcxhfdm/2016/14/1410.html
141100000000,吕梁市,http://www.stats.gov.cn/tjsj/tjbz/tjyqhdmhcxhfdm/2016/14/1411.html
150100000000,呼和浩特市,http://www.stats.gov.cn/tjsj/tjbz/tjyqhdmhcxhfdm/2016/15/1501.html
150200000000,包头市,http://www.stats.gov.cn/tjsj/tjbz/tjyqhdmhcxhfdm/2016/15/1502.html
150300000000,乌海市,http://www.stats.gov.cn/tjsj/tjbz/tjyqhdmhcxhfdm/2016/15/1503.html
150400000000,赤峰市,http://www.stats.gov.cn/tjsj/tjbz/tjyqhdmhcxhfdm/2016/15/1504.html
150500000000,通辽市,http://www.stats.gov.cn/tjsj/tjbz/tjyqhdmhcxhfdm/2016/15/1505.html
150600000000,鄂尔多斯市,http://www.stats.gov.cn/tjsj/tjbz/tjyqhdmhcxhfdm/2016/15/1506.html
150700000000,呼伦贝尔市,http://www.stats.gov.cn/tjsj/tjbz/tjyqhdmhcxhfdm/2016/15/1507.html
150800000000,巴彦淖尔市,http://www.stats.gov.cn/tjsj/tjbz/tjyqhdmhcxhfdm/2016/15/1508.html
150900000000,乌兰察布市,http://www.stats.gov.cn/tjsj/tjbz/tjyqhdmhcxhfdm/2016/15/1509.html
152200000000,兴安盟,http://www.stats.gov.cn/tjsj/tjbz/tjyqhdmhcxhfdm/2016/15/1522.html
152500000000,锡林郭勒盟,http://www.stats.gov.cn/tjsj/tjbz/tjyqhdmhcxhfdm/2016/15/1525.html
152900000000,阿拉善盟,http://www.stats.gov.cn/tjsj/tjbz/tjyqhdmhcxhfdm/2016/15/1529.html
210100000000,沈阳市,http://www.stats.gov.cn/tjsj/tjbz/tjyqhdmhcxhfdm/2016/21/2101.html
210200000000,大连市,http://www.stats.gov.cn/tjsj/tjbz/tjyqhdmhcxhfdm/2016/21/2102.html
210300000000,鞍山市,http://www.stats.gov.cn/tjsj/tjbz/tjyqhdmhcxhfdm/2016/21/2103.html
210400000000,抚顺市,http://www.stats.gov.cn/tjsj/tjbz/tjyqhdmhcxhfdm/2016/21/2104.html
210500000000,本溪市,http://www.stats.gov.cn/tjsj/tjbz/tjyqhdmhcxhfdm/2016/21/2105.html
210600000000,丹东市,http://www.stats.gov.cn/tjsj/tjbz/tjyqhdmhcxhfdm/2016/21/2106.html
210700000000,锦州市,http://www.stats.gov.cn/tjsj/tjbz/tjyqhdmhcxhfdm/2016/21/2107.html
210800000000,营口市,http://www.stats.gov.cn/tjsj/tjbz/tjyqhdmhcxhfdm/2016/21/2108.html
210900000000,阜新市,http://www.stats.gov.cn/tjsj/tjbz/tjyqhdmhcxhfdm/2016/21/2109.html
211000000000,辽阳市,http://www.stats.gov.cn/tjsj/tjbz/tjyqhdmhcxhfdm/2016/21/2110.html
211100000000,盘锦市,http://www.stats.gov.cn/tjsj/tjbz/tjyqhdmhcxhfdm/2016/21/2111.html
211200000000,铁岭市,http://www.stats.gov.cn/tjsj/tjbz/tjyqhdmhcxhfdm/2016/21/2112.html
211300000000,朝阳市,http://www.stats.gov.cn/tjsj/tjbz/tjyqhdmhcxhfdm/2016/21/2113.html
211400000000,葫芦岛市,http://www.stats.gov.cn/tjsj/tjbz/tjyqhdmhcxhfdm/2016/21/2114.html
220100000000,长春市,http://www.stats.gov.cn/tjsj/tjbz/tjyqhdmhcxhfdm/2016/22/2201.html
220200000000,吉林市,http://www.stats.gov.cn/tjsj/tjbz/tjyqhdmhcxhfdm/2016/22/2202.html
220300000000,四平市,http://www.stats.gov.cn/tjsj/tjbz/tjyqhdmhcxhfdm/2016/22/2203.html
220400000000,辽源市,http://www.stats.gov.cn/tjsj/tjbz/tjyqhdmhcxhfdm/2016/22/2204.html
220500000000,通化市,http://www.stats.gov.cn/tjsj/tjbz/tjyqhdmhcxhfdm/2016/22/2205.html
220600000000,白山市,http://www.stats.gov.cn/tjsj/tjbz/tjyqhdmhcxhfdm/2016/22/2206.html
220700000000,松原市,http://www.stats.gov.cn/tjsj/tjbz/tjyqhdmhcxhfdm/2016/22/2207.html
220800000000,白城市,http://www.stats.gov.cn/tjsj/tjbz/tjyqhdmhcxhfdm/2016/22/2208.html
222400000000,延边朝鲜族自治州,http://www.stats.gov.cn/tjsj/tjbz/tjyqhdmhcxhfdm/2016/22/2224.html
230100000000,哈尔滨市,http://www.stats.gov.cn/tjsj/tjbz/tjyqhdmhcxhfdm/2016/23/2301.html
230200000000,齐齐哈尔市,http://www.stats.gov.cn/tjsj/tjbz/tjyqhdmhcxhfdm/2016/23/2302.html
230300000000,鸡西市,http://www.stats.gov.cn/tjsj/tjbz/tjyqhdmhcxhfdm/2016/23/2303.html
230400000000,鹤岗市,http://www.stats.gov.cn/tjsj/tjbz/tjyqhdmhcxhfdm/2016/23/2304.html
230500000000,双鸭山市,http://www.stats.gov.cn/tjsj/tjbz/tjyqhdmhcxhfdm/2016/23/2305.html
230600000000,大庆市,http://www.stats.gov.cn/tjsj/tjbz/tjyqhdmhcxhfdm/2016/23/2306.html
230700000000,伊春市,http://www.stats.gov.cn/tjsj/tjbz/tjyqhdmhcxhfdm/2016/23/2307.html
230800000000,佳木斯市,http://www.stats.gov.cn/tjsj/tjbz/tjyqhdmhcxhfdm/2016/23/2308.html
230900000000,七台河市,http://www.stats.gov.cn/tjsj/tjbz/tjyqhdmhcxhfdm/2016/23/2309.html
231000000000,牡丹江市,http://www.stats.gov.cn/tjsj/tjbz/tjyqhdmhcxhfdm/2016/23/2310.html
231100000000,黑河市,http://www.stats.gov.cn/tjsj/tjbz/tjyqhdmhcxhfdm/2016/23/2311.html
231200000000,绥化市,http://www.stats.gov.cn/tjsj/tjbz/tjyqhdmhcxhfdm/2016/23/2312.html
232700000000,大兴安岭地区,http://www.stats.gov.cn/tjsj/tjbz/tjyqhdmhcxhfdm/2016/23/2327.html
310100000000,市辖区,http://www.stats.gov.cn/tjsj/tjbz/tjyqhdmhcxhfdm/2016/31/3101.html
320100000000,南京市,http://www.stats.gov.cn/tjsj/tjbz/tjyqhdmhcxhfdm/2016/32/3201.html
320200000000,无锡市,http://www.stats.gov.cn/tjsj/tjbz/tjyqhdmhcxhfdm/2016/32/3202.html
320300000000,徐州市,http://www.stats.gov.cn/tjsj/tjbz/tjyqhdmhcxhfdm/2016/32/3203.html
320400000000,常州市,http://www.stats.gov.cn/tjsj/tjbz/tjyqhdmhcxhfdm/2016/32/3204.html
320500000000,苏州市,http://www.stats.gov.cn/tjsj/tjbz/tjyqhdmhcxhfdm/2016/32/3205.html
320600000000,南通市,http://www.stats.gov.cn/tjsj/tjbz/tjyqhdmhcxhfdm/2016/32/3206.html
320700000000,连云港市,http://www.stats.gov.cn/tjsj/tjbz/tjyqhdmhcxhfdm/2016/32/3207.html
320800000000,淮安市,http://www.stats.gov.cn/tjsj/tjbz/tjyqhdmhcxhfdm/2016/32/3208.html
320900000000,盐城市,http://www.stats.gov.cn/tjsj/tjbz/tjyqhdmhcxhfdm/2016/32/3209.html
321000000000,扬州市,http://www.stats.gov.cn/tjsj/tjbz/tjyqhdmhcxhfdm/2016/32/3210.html
321100000000,镇江市,http://www.stats.gov.cn/tjsj/tjbz/tjyqhdmhcxhfdm/2016/32/3211.html
321200000000,泰州市,http://www.stats.gov.cn/tjsj/tjbz/tjyqhdmhcxhfdm/2016/32/3212.html
321300000000,宿迁市,http://www.stats.gov.cn/tjsj/tjbz/tjyqhdmhcxhfdm/2016/32/3213.html
330100000000,杭州市,http://www.stats.gov.cn/tjsj/tjbz/tjyqhdmhcxhfdm/2016/33/3301.html
330200000000,宁波市,http://www.stats.gov.cn/tjsj/tjbz/tjyqhdmhcxhfdm/2016/33/3302.html
330300000000,温州市,http://www.stats.gov.cn/tjsj/tjbz/tjyqhdmhcxhfdm/2016/33/3303.html
330400000000,嘉兴市,http://www.stats.gov.cn/tjsj/tjbz/tjyqhdmhcxhfdm/2016/33/3304.html
330500000000,湖州市,http://www.stats.gov.cn/tjsj/tjbz/tjyqhdmhcxhfdm/2016/33/3305.html
330600000000,绍兴市,http://www.stats.gov.cn/tjsj/tjbz/tjyqhdmhcxhfdm/2016/33/3306.html
330700000000,金华市,http://www.stats.gov.cn/tjsj/tjbz/tjyqhdmhcxhfdm/2016/33/3307.html
330800000000,衢州市,http://www.stats.gov.cn/tjsj/tjbz/tjyqhdmhcxhfdm/2016/33/3308.html
330900000000,舟山市,http://www.stats.gov.cn/tjsj/tjbz/tjyqhdmhcxhfdm/2016/33/3309.html
331000000000,台州市,http://www.stats.gov.cn/tjsj/tjbz/tjyqhdmhcxhfdm/2016/33/3310.html
331100000000,丽水市,http://www.stats.gov.cn/tjsj/tjbz/tjyqhdmhcxhfdm/2016/33/3311.html
340100000000,合肥市,http://www.stats.gov.cn/tjsj/tjbz/tjyqhdmhcxhfdm/2016/34/3401.html
340200000000,芜湖市,http://www.stats.gov.cn/tjsj/tjbz/tjyqhdmhcxhfdm/2016/34/3402.html
340300000000,蚌埠市,http://www.stats.gov.cn/tjsj/tjbz/tjyqhdmhcxhfdm/2016/34/3403.html
340400000000,淮南市,http://www.stats.gov.cn/tjsj/tjbz/tjyqhdmhcxhfdm/2016/34/3404.html
340500000000,马鞍山市,http://www.stats.gov.cn/tjsj/tjbz/tjyqhdmhcxhfdm/2016/34/3405.html
340600000000,淮北市,http://www.stats.gov.cn/tjsj/tjbz/tjyqhdmhcxhfdm/2016/34/3406.html
340700000000,铜陵市,http://www.stats.gov.cn/tjsj/tjbz/tjyqhdmhcxhfdm/2016/34/3407.html
340800000000,安庆市,http://www.stats.gov.cn/tjsj/tjbz/tjyqhdmhcxhfdm/2016/34/3408.html
341000000000,黄山市,http://www.stats.gov.cn/tjsj/tjbz/tjyqhdmhcxhfdm/2016/34/3410.html
341100000000,滁州市,http://www.stats.gov.cn/tjsj/tjbz/tjyqhdmhcxhfdm/2016/34/3411.html
341200000000,阜阳市,http://www.stats.gov.cn/tjsj/tjbz/tjyqhdmhcxhfdm/2016/34/3412.html
341300000000,宿州市,http://www.stats.gov.cn/tjsj/tjbz/tjyqhdmhcxhfdm/2016/34/3413.html
341500000000,六安市,http://www.stats.gov.cn/tjsj/tjbz/tjyqhdmhcxhfdm/2016/34/3415.html
341600000000,亳州市,http://www.stats.gov.cn/tjsj/tjbz/tjyqhdmhcxhfdm/2016/34/3416.html
341700000000,池州市,http://www.stats.gov.cn/tjsj/tjbz/tjyqhdmhcxhfdm/2016/34/3417.html
341800000000,宣城市,http://www.stats.gov.cn/tjsj/tjbz/tjyqhdmhcxhfdm/2016/34/3418.html
350100000000,福州市,http://www.stats.gov.cn/tjsj/tjbz/tjyqhdmhcxhfdm/2016/35/3501.html
350200000000,厦门市,http://www.stats.gov.cn/tjsj/tjbz/tjyqhdmhcxhfdm/2016/35/3502.html
350300000000,莆田市,http://www.stats.gov.cn/tjsj/tjbz/tjyqhdmhcxhfdm/2016/35/3503.html
350400000000,三明市,http://www.stats.gov.cn/tjsj/tjbz/tjyqhdmhcxhfdm/2016/35/3504.html
350500000000,泉州市,http://www.stats.gov.cn/tjsj/tjbz/tjyqhdmhcxhfdm/2016/35/3505.html
350600000000,漳州市,http://www.stats.gov.cn/tjsj/tjbz/tjyqhdmhcxhfdm/2016/35/3506.html
350700000000,南平市,http://www.stats.gov.cn/tjsj/tjbz/tjyqhdmhcxhfdm/2016/35/3507.html
350800000000,龙岩市,http://www.stats.gov.cn/tjsj/tjbz/tjyqhdmhcxhfdm/2016/35/3508.html
350900000000,宁德市,http://www.stats.gov.cn/tjsj/tjbz/tjyqhdmhcxhfdm/2016/35/3509.html
360100000000,南昌市,http://www.stats.gov.cn/tjsj/tjbz/tjyqhdmhcxhfdm/2016/36/3601.html
360200000000,景德镇市,http://www.stats.gov.cn/tjsj/tjbz/tjyqhdmhcxhfdm/2016/36/3602.html
360300000000,萍乡市,http://www.stats.gov.cn/tjsj/tjbz/tjyqhdmhcxhfdm/2016/36/3603.html
360400000000,九江市,http://www.stats.gov.cn/tjsj/tjbz/tjyqhdmhcxhfdm/2016/36/3604.html
360500000000,新余市,http://www.stats.gov.cn/tjsj/tjbz/tjyqhdmhcxhfdm/2016/36/3605.html
360600000000,鹰潭市,http://www.stats.gov.cn/tjsj/tjbz/tjyqhdmhcxhfdm/2016/36/3606.html
360700000000,赣州市,http://www.stats.gov.cn/tjsj/tjbz/tjyqhdmhcxhfdm/2016/36/3607.html
360800000000,吉安市,http://www.stats.gov.cn/tjsj/tjbz/tjyqhdmhcxhfdm/2016/36/3608.html
360900000000,宜春市,http://www.stats.gov.cn/tjsj/tjbz/tjyqhdmhcxhfdm/2016/36/3609.html
361000000000,抚州市,http://www.stats.gov.cn/tjsj/tjbz/tjyqhdmhcxhfdm/2016/36/3610.html
361100000000,上饶市,http://www.stats.gov.cn/tjsj/tjbz/tjyqhdmhcxhfdm/2016/36/3611.html
370100000000,济南市,http://www.stats.gov.cn/tjsj/tjbz/tjyqhdmhcxhfdm/2016/37/3701.html
370200000000,青岛市,http://www.stats.gov.cn/tjsj/tjbz/tjyqhdmhcxhfdm/2016/37/3702.html
370300000000,淄博市,http://www.stats.gov.cn/tjsj/tjbz/tjyqhdmhcxhfdm/2016/37/3703.html
370400000000,枣庄市,http://www.stats.gov.cn/tjsj/tjbz/tjyqhdmhcxhfdm/2016/37/3704.html
370500000000,东营市,http://www.stats.gov.cn/tjsj/tjbz/tjyqhdmhcxhfdm/2016/37/3705.html
370600000000,烟台市,http://www.stats.gov.cn/tjsj/tjbz/tjyqhdmhcxhfdm/2016/37/3706.html
370700000000,潍坊市,http://www.stats.gov.cn/tjsj/tjbz/tjyqhdmhcxhfdm/2016/37/3707.html
370800000000,济宁市,http://www.stats.gov.cn/tjsj/tjbz/tjyqhdmhcxhfdm/2016/37/3708.html
370900000000,泰安市,http://www.stats.gov.cn/tjsj/tjbz/tjyqhdmhcxhfdm/2016/37/3709.html
371000000000,威海市,http://www.stats.gov.cn/tjsj/tjbz/tjyqhdmhcxhfdm/2016/37/3710.html
371100000000,日照市,http://www.stats.gov.cn/tjsj/tjbz/tjyqhdmhcxhfdm/2016/37/3711.html
371200000000,莱芜市,http://www.stats.gov.cn/tjsj/tjbz/tjyqhdmhcxhfdm/2016/37/3712.html
371300000000,临沂市,http://www.stats.gov.cn/tjsj/tjbz/tjyqhdmhcxhfdm/2016/37/3713.html
371400000000,德州市,http://www.stats.gov.cn/tjsj/tjbz/tjyqhdmhcxhfdm/2016/37/3714.html
371500000000,聊城市,http://www.stats.gov.cn/tjsj/tjbz/tjyqhdmhcxhfdm/2016/37/3715.html
371600000000,滨州市,http://www.stats.gov.cn/tjsj/tjbz/tjyqhdmhcxhfdm/2016/37/3716.html
371700000000,菏泽市,http://www.stats.gov.cn/tjsj/tjbz/tjyqhdmhcxhfdm/2016/37/3717.html
410100000000,郑州市,http://www.stats.gov.cn/tjsj/tjbz/tjyqhdmhcxhfdm/2016/41/4101.html
410200000000,开封市,http://www.stats.gov.cn/tjsj/tjbz/tjyqhdmhcxhfdm/2016/41/4102.html
410300000000,洛阳市,http://www.stats.gov.cn/tjsj/tjbz/tjyqhdmhcxhfdm/2016/41/4103.html
410400000000,平顶山市,http://www.stats.gov.cn/tjsj/tjbz/tjyqhdmhcxhfdm/2016/41/4104.html
410500000000,安阳市,http://www.stats.gov.cn/tjsj/tjbz/tjyqhdmhcxhfdm/2016/41/4105.html
410600000000,鹤壁市,http://www.stats.gov.cn/tjsj/tjbz/tjyqhdmhcxhfdm/2016/41/4106.html
410700000000,新乡市,http://www.stats.gov.cn/tjsj/tjbz/tjyqhdmhcxhfdm/2016/41/4107.html
410800000000,焦作市,http://www.stats.gov.cn/tjsj/tjbz/tjyqhdmhcxhfdm/2016/41/4108.html
410900000000,濮阳市,http://www.stats.gov.cn/tjsj/tjbz/tjyqhdmhcxhfdm/2016/41/4109.html
411000000000,许昌市,http://www.stats.gov.cn/tjsj/tjbz/tjyqhdmhcxhfdm/2016/41/4110.html
411100000000,漯河市,http://www.stats.gov.cn/tjsj/tjbz/tjyqhdmhcxhfdm/2016/41/4111.html
411200000000,三门峡市,http://www.stats.gov.cn/tjsj/tjbz/tjyqhdmhcxhfdm/2016/41/4112.html
411300000000,南阳市,http://www.stats.gov.cn/tjsj/tjbz/tjyqhdmhcxhfdm/2016/41/4113.html
411400000000,商丘市,http://www.stats.gov.cn/tjsj/tjbz/tjyqhdmhcxhfdm/2016/41/4114.html
411500000000,信阳市,http://www.stats.gov.cn/tjsj/tjbz/tjyqhdmhcxhfdm/2016/41/4115.html
411600000000,周口市,http://www.stats.gov.cn/tjsj/tjbz/tjyqhdmhcxhfdm/2016/41/4116.html
411700000000,驻马店市,http://www.stats.gov.cn/tjsj/tjbz/tjyqhdmhcxhfdm/2016/41/4117.html
419000000000,省直辖县级行政区划,http://www.stats.gov.cn/tjsj/tjbz/tjyqhdmhcxhfdm/2016/41/4190.html
420100000000,武汉市,http://www.stats.gov.cn/tjsj/tjbz/tjyqhdmhcxhfdm/2016/42/4201.html
420200000000,黄石市,http://www.stats.gov.cn/tjsj/tjbz/tjyqhdmhcxhfdm/2016/42/4202.html
420300000000,十堰市,http://www.stats.gov.cn/tjsj/tjbz/tjyqhdmhcxhfdm/2016/42/4203.html
420500000000,宜昌市,http://www.stats.gov.cn/tjsj/tjbz/tjyqhdmhcxhfdm/2016/42/4205.html
420600000000,襄阳市,http://www.stats.gov.cn/tjsj/tjbz/tjyqhdmhcxhfdm/2016/42/4206.html
420700000000,鄂州市,http://www.stats.gov.cn/tjsj/tjbz/tjyqhdmhcxhfdm/2016/42/4207.html
420800000000,荆门市,http://www.stats.gov.cn/tjsj/tjbz/tjyqhdmhcxhfdm/2016/42/4208.html
420900000000,孝感市,http://www.stats.gov.cn/tjsj/tjbz/tjyqhdmhcxhfdm/2016/42/4209.html
421000000000,荆州市,http://www.stats.gov.cn/tjsj/tjbz/tjyqhdmhcxhfdm/2016/42/4210.html
421100000000,黄冈市,http://www.stats.gov.cn/tjsj/tjbz/tjyqhdmhcxhfdm/2016/42/4211.html
421200000000,咸宁市,http://www.stats.gov.cn/tjsj/tjbz/tjyqhdmhcxhfdm/2016/42/4212.html
421300000000,随州市,http://www.stats.gov.cn/tjsj/tjbz/tjyqhdmhcxhfdm/2016/42/4213.html
422800000000,恩施土家族苗族自治州,http://www.stats.gov.cn/tjsj/tjbz/tjyqhdmhcxhfdm/2016/42/4228.html
429000000000,省直辖县级行政区划,http://www.stats.gov.cn/tjsj/tjbz/tjyqhdmhcxhfdm/2016/42/4290.html
430100000000,长沙市,http://www.stats.gov.cn/tjsj/tjbz/tjyqhdmhcxhfdm/2016/43/4301.html
430200000000,株洲市,http://www.stats.gov.cn/tjsj/tjbz/tjyqhdmhcxhfdm/2016/43/4302.html
430300000000,湘潭市,http://www.stats.gov.cn/tjsj/tjbz/tjyqhdmhcxhfdm/2016/43/4303.html
430400000000,衡阳市,http://www.stats.gov.cn/tjsj/tjbz/tjyqhdmhcxhfdm/2016/43/4304.html
430500000000,邵阳市,http://www.stats.gov.cn/tjsj/tjbz/tjyqhdmhcxhfdm/2016/43/4305.html
430600000000,岳阳市,http://www.stats.gov.cn/tjsj/tjbz/tjyqhdmhcxhfdm/2016/43/4306.html
430700000000,常德市,http://www.stats.gov.cn/tjsj/tjbz/tjyqhdmhcxhfdm/2016/43/4307.html
430800000000,张家界市,http://www.stats.gov.cn/tjsj/tjbz/tjyqhdmhcxhfdm/2016/43/4308.html
430900000000,益阳市,http://www.stats.gov.cn/tjsj/tjbz/tjyqhdmhcxhfdm/2016/43/4309.html
431000000000,郴州市,http://www.stats.gov.cn/tjsj/tjbz/tjyqhdmhcxhfdm/2016/43/4310.html
431100000000,永州市,http://www.stats.gov.cn/tjsj/tjbz/tjyqhdmhcxhfdm/2016/43/4311.html
431200000000,怀化市,http://www.stats.gov.cn/tjsj/tjbz/tjyqhdmhcxhfdm/2016/43/4312.html
431300000000,娄底市,http://www.stats.gov.cn/tjsj/tjbz/tjyqhdmhcxhfdm/2016/43/4313.html
433100000000,湘西土家族苗族自治州,http://www.stats.gov.cn/tjsj/tjbz/tjyqhdmhcxhfdm/2016/43/4331.html
440100000000,广州市,http://www.stats.gov.cn/tjsj/tjbz/tjyqhdmhcxhfdm/2016/44/4401.html
440200000000,韶关市,http://www.stats.gov.cn/tjsj/tjbz/tjyqhdmhcxhfdm/2016/44/4402.html
440300000000,深圳市,http://www.stats.gov.cn/tjsj/tjbz/tjyqhdmhcxhfdm/2016/44/4403.html
440400000000,珠海市,http://www.stats.gov.cn/tjsj/tjbz/tjyqhdmhcxhfdm/2016/44/4404.html
440500000000,汕头市,http://www.stats.gov.cn/tjsj/tjbz/tjyqhdmhcxhfdm/2016/44/4405.html
440600000000,佛山市,http://www.stats.gov.cn/tjsj/tjbz/tjyqhdmhcxhfdm/2016/44/4406.html
440700000000,江门市,http://www.stats.gov.cn/tjsj/tjbz/tjyqhdmhcxhfdm/2016/44/4407.html
440800000000,湛江市,http://www.stats.gov.cn/tjsj/tjbz/tjyqhdmhcxhfdm/2016/44/4408.html
440900000000,茂名市,http://www.stats.gov.cn/tjsj/tjbz/tjyqhdmhcxhfdm/2016/44/4409.html
441200000000,肇庆市,http://www.stats.gov.cn/tjsj/tjbz/tjyqhdmhcxhfdm/2016/44/4412.html
441300000000,惠州市,http://www.stats.gov.cn/tjsj/tjbz/tjyqhdmhcxhfdm/2016/44/4413.html
441400000000,梅州市,http://www.stats.gov.cn/tjsj/tjbz/tjyqhdmhcxhfdm/2016/44/4414.html
441500000000,汕尾市,http://www.stats.gov.cn/tjsj/tjbz/tjyqhdmhcxhfdm/2016/44/4415.html
441600000000,河源市,http://www.stats.gov.cn/tjsj/tjbz/tjyqhdmhcxhfdm/2016/44/4416.html
441700000000,阳江市,http://www.stats.gov.cn/tjsj/tjbz/tjyqhdmhcxhfdm/2016/44/4417.html
441800000000,清远市,http://www.stats.gov.cn/tjsj/tjbz/tjyqhdmhcxhfdm/2016/44/4418.html
441900000000,东莞市,http://www.stats.gov.cn/tjsj/tjbz/tjyqhdmhcxhfdm/2016/44/4419.html
442000000000,中山市,http://www.stats.gov.cn/tjsj/tjbz/tjyqhdmhcxhfdm/2016/44/4420.html
445100000000,潮州市,http://www.stats.gov.cn/tjsj/tjbz/tjyqhdmhcxhfdm/2016/44/4451.html
445200000000,揭阳市,http://www.stats.gov.cn/tjsj/tjbz/tjyqhdmhcxhfdm/2016/44/4452.html
445300000000,云浮市,http://www.stats.gov.cn/tjsj/tjbz/tjyqhdmhcxhfdm/2016/44/4453.html
450100000000,南宁市,http://www.stats.gov.cn/tjsj/tjbz/tjyqhdmhcxhfdm/2016/45/4501.html
450200000000,柳州市,http://www.stats.gov.cn/tjsj/tjbz/tjyqhdmhcxhfdm/2016/45/4502.html
450300000000,桂林市,http://www.stats.gov.cn/tjsj/tjbz/tjyqhdmhcxhfdm/2016/45/4503.html
450400000000,梧州市,http://www.stats.gov.cn/tjsj/tjbz/tjyqhdmhcxhfdm/2016/45/4504.html
450500000000,北海市,http://www.stats.gov.cn/tjsj/tjbz/tjyqhdmhcxhfdm/2016/45/4505.html
450600000000,防城港市,http://www.stats.gov.cn/tjsj/tjbz/tjyqhdmhcxhfdm/2016/45/4506.html
450700000000,钦州市,http://www.stats.gov.cn/tjsj/tjbz/tjyqhdmhcxhfdm/2016/45/4507.html
450800000000,贵港市,http://www.stats.gov.cn/tjsj/tjbz/tjyqhdmhcxhfdm/2016/45/4508.html
450900000000,玉林市,http://www.stats.gov.cn/tjsj/tjbz/tjyqhdmhcxhfdm/2016/45/4509.html
451000000000,百色市,http://www.stats.gov.cn/tjsj/tjbz/tjyqhdmhcxhfdm/2016/45/4510.html
451100000000,贺州市,http://www.stats.gov.cn/tjsj/tjbz/tjyqhdmhcxhfdm/2016/45/4511.html
451200000000,河池市,http://www.stats.gov.cn/tjsj/tjbz/tjyqhdmhcxhfdm/2016/45/4512.html
451300000000,来宾市,http://www.stats.gov.cn/tjsj/tjbz/tjyqhdmhcxhfdm/2016/45/4513.html
451400000000,崇左市,http://www.stats.gov.cn/tjsj/tjbz/tjyqhdmhcxhfdm/2016/45/4514.html
460100000000,海口市,http://www.stats.gov.cn/tjsj/tjbz/tjyqhdmhcxhfdm/2016/46/4601.html
460200000000,三亚市,http://www.stats.gov.cn/tjsj/tjbz/tjyqhdmhcxhfdm/2016/46/4602.html
460300000000,三沙市,http://www.stats.gov.cn/tjsj/tjbz/tjyqhdmhcxhfdm/2016/46/4603.html
460400000000,儋州市,http://www.stats.gov.cn/tjsj/tjbz/tjyqhdmhcxhfdm/2016/46/4604.html
469000000000,省直辖县级行政区划,http://www.stats.gov.cn/tjsj/tjbz/tjyqhdmhcxhfdm/2016/46/4690.html
500100000000,市辖区,http://www.stats.gov.cn/tjsj/tjbz/tjyqhdmhcxhfdm/2016/50/5001.html
500200000000,县,http://www.stats.gov.cn/tjsj/tjbz/tjyqhdmhcxhfdm/2016/50/5002.html
510100000000,成都市,http://www.stats.gov.cn/tjsj/tjbz/tjyqhdmhcxhfdm/2016/51/5101.html
510300000000,自贡市,http://www.stats.gov.cn/tjsj/tjbz/tjyqhdmhcxhfdm/2016/51/5103.html
510400000000,攀枝花市,http://www.stats.gov.cn/tjsj/tjbz/tjyqhdmhcxhfdm/2016/51/5104.html
510500000000,泸州市,http://www.stats.gov.cn/tjsj/tjbz/tjyqhdmhcxhfdm/2016/51/5105.html
510600000000,德阳市,http://www.stats.gov.cn/tjsj/tjbz/tjyqhdmhcxhfdm/2016/51/5106.html
510700000000,绵阳市,http://www.stats.gov.cn/tjsj/tjbz/tjyqhdmhcxhfdm/2016/51/5107.html
510800000000,广元市,http://www.stats.gov.cn/tjsj/tjbz/tjyqhdmhcxhfdm/2016/51/5108.html
510900000000,遂宁市,http://www.stats.gov.cn/tjsj/tjbz/tjyqhdmhcxhfdm/2016/51/5109.html
511000000000,内江市,http://www.stats.gov.cn/tjsj/tjbz/tjyqhdmhcxhfdm/2016/51/5110.html
511100000000,乐山市,http://www.stats.gov.cn/tjsj/tjbz/tjyqhdmhcxhfdm/2016/51/5111.html
511300000000,南充市,http://www.stats.gov.cn/tjsj/tjbz/tjyqhdmhcxhfdm/2016/51/5113.html
511400000000,眉山市,http://www.stats.gov.cn/tjsj/tjbz/tjyqhdmhcxhfdm/2016/51/5114.html
511500000000,宜宾市,http://www.stats.gov.cn/tjsj/tjbz/tjyqhdmhcxhfdm/2016/51/5115.html
511600000000,广安市,http://www.stats.gov.cn/tjsj/tjbz/tjyqhdmhcxhfdm/2016/51/5116.html
511700000000,达州市,http://www.stats.gov.cn/tjsj/tjbz/tjyqhdmhcxhfdm/2016/51/5117.html
511800000000,雅安市,http://www.stats.gov.cn/tjsj/tjbz/tjyqhdmhcxhfdm/2016/51/5118.html
511900000000,巴中市,http://www.stats.gov.cn/tjsj/tjbz/tjyqhdmhcxhfdm/2016/51/5119.html
512000000000,资阳市,http://www.stats.gov.cn/tjsj/tjbz/tjyqhdmhcxhfdm/2016/51/5120.html
513200000000,阿坝藏族羌族自治州,http://www.stats.gov.cn/tjsj/tjbz/tjyqhdmhcxhfdm/2016/51/5132.html
513300000000,甘孜藏族自治州,http://www.stats.gov.cn/tjsj/tjbz/tjyqhdmhcxhfdm/2016/51/5133.html
513400000000,凉山彝族自治州,http://www.stats.gov.cn/tjsj/tjbz/tjyqhdmhcxhfdm/2016/51/5134.html
520100000000,贵阳市,http://www.stats.gov.cn/tjsj/tjbz/tjyqhdmhcxhfdm/2016/52/5201.html
520200000000,六盘水市,http://www.stats.gov.cn/tjsj/tjbz/tjyqhdmhcxhfdm/2016/52/5202.html
520300000000,遵义市,http://www.stats.gov.cn/tjsj/tjbz/tjyqhdmhcxhfdm/2016/52/5203.html
520400000000,安顺市,http://www.stats.gov.cn/tjsj/tjbz/tjyqhdmhcxhfdm/2016/52/5204.html
520500000000,毕节市,http://www.stats.gov.cn/tjsj/tjbz/tjyqhdmhcxhfdm/2016/52/5205.html
520600000000,铜仁市,http://www.stats.gov.cn/tjsj/tjbz/tjyqhdmhcxhfdm/2016/52/5206.html
522300000000,黔西南布依族苗族自治州,http://www.stats.gov.cn/tjsj/tjbz/tjyqhdmhcxhfdm/2016/52/5223.html
522600000000,黔东南苗族侗族自治州,http://www.stats.gov.cn/tjsj/tjbz/tjyqhdmhcxhfdm/2016/52/5226.html
522700000000,黔南布依族苗族自治州,http://www.stats.gov.cn/tjsj/tjbz/tjyqhdmhcxhfdm/2016/52/5227.html
530100000000,昆明市,http://www.stats.gov.cn/tjsj/tjbz/tjyqhdmhcxhfdm/2016/53/5301.html
530300000000,曲靖市,http://www.stats.gov.cn/tjsj/tjbz/tjyqhdmhcxhfdm/2016/53/5303.html
530400000000,玉溪市,http://www.stats.gov.cn/tjsj/tjbz/tjyqhdmhcxhfdm/2016/53/5304.html
530500000000,保山市,http://www.stats.gov.cn/tjsj/tjbz/tjyqhdmhcxhfdm/2016/53/5305.html
530600000000,昭通市,http://www.stats.gov.cn/tjsj/tjbz/tjyqhdmhcxhfdm/2016/53/5306.html
530700000000,丽江市,http://www.stats.gov.cn/tjsj/tjbz/tjyqhdmhcxhfdm/2016/53/5307.html
530800000000,普洱市,http://www.stats.gov.cn/tjsj/tjbz/tjyqhdmhcxhfdm/2016/53/5308.html
530900000000,临沧市,http://www.stats.gov.cn/tjsj/tjbz/tjyqhdmhcxhfdm/2016/53/5309.html
532300000000,楚雄彝族自治州,http://www.stats.gov.cn/tjsj/tjbz/tjyqhdmhcxhfdm/2016/53/5323.html
532500000000,红河哈尼族彝族自治州,http://www.stats.gov.cn/tjsj/tjbz/tjyqhdmhcxhfdm/2016/53/5325.html
532600000000,文山壮族苗族自治州,http://www.stats.gov.cn/tjsj/tjbz/tjyqhdmhcxhfdm/2016/53/5326.html
532800000000,西双版纳傣族自治州,http://www.stats.gov.cn/tjsj/tjbz/tjyqhdmhcxhfdm/2016/53/5328.html
532900000000,大理白族自治州,http://www.stats.gov.cn/tjsj/tjbz/tjyqhdmhcxhfdm/2016/53/5329.html
533100000000,德宏傣族景颇族自治州,http://www.stats.gov.cn/tjsj/tjbz/tjyqhdmhcxhfdm/2016/53/5331.html
533300000000,怒江傈僳族自治州,http://www.stats.gov.cn/tjsj/tjbz/tjyqhdmhcxhfdm/2016/53/5333.html
533400000000,迪庆藏族自治州,http://www.stats.gov.cn/tjsj/tjbz/tjyqhdmhcxhfdm/2016/53/5334.html
540100000000,拉萨市,http://www.stats.gov.cn/tjsj/tjbz/tjyqhdmhcxhfdm/2016/54/5401.html
540200000000,日喀则市,http://www.stats.gov.cn/tjsj/tjbz/tjyqhdmhcxhfdm/2016/54/5402.html
540300000000,昌都市,http://www.stats.gov.cn/tjsj/tjbz/tjyqhdmhcxhfdm/2016/54/5403.html
540400000000,林芝市,http://www.stats.gov.cn/tjsj/tjbz/tjyqhdmhcxhfdm/2016/54/5404.html
540500000000,山南市,http://www.stats.gov.cn/tjsj/tjbz/tjyqhdmhcxhfdm/2016/54/5405.html
542400000000,那曲地区,http://www.stats.gov.cn/tjsj/tjbz/tjyqhdmhcxhfdm/2016/54/5424.html
542500000000,阿里地区,http://www.stats.gov.cn/tjsj/tjbz/tjyqhdmhcxhfdm/2016/54/5425.html
610100000000,西安市,http://www.stats.gov.cn/tjsj/tjbz/tjyqhdmhcxhfdm/2016/61/6101.html
610200000000,铜川市,http://www.stats.gov.cn/tjsj/tjbz/tjyqhdmhcxhfdm/2016/61/6102.html
610300000000,宝鸡市,http://www.stats.gov.cn/tjsj/tjbz/tjyqhdmhcxhfdm/2016/61/6103.html
610400000000,咸阳市,http://www.stats.gov.cn/tjsj/tjbz/tjyqhdmhcxhfdm/2016/61/6104.html
610500000000,渭南市,http://www.stats.gov.cn/tjsj/tjbz/tjyqhdmhcxhfdm/2016/61/6105.html
610600000000,延安市,http://www.stats.gov.cn/tjsj/tjbz/tjyqhdmhcxhfdm/2016/61/6106.html
610700000000,汉中市,http://www.stats.gov.cn/tjsj/tjbz/tjyqhdmhcxhfdm/2016/61/6107.html
610800000000,榆林市,http://www.stats.gov.cn/tjsj/tjbz/tjyqhdmhcxhfdm/2016/61/6108.html
610900000000,安康市,http://www.stats.gov.cn/tjsj/tjbz/tjyqhdmhcxhfdm/2016/61/6109.html
611000000000,商洛市,http://www.stats.gov.cn/tjsj/tjbz/tjyqhdmhcxhfdm/2016/61/6110.html
620100000000,兰州市,http://www.stats.gov.cn/tjsj/tjbz/tjyqhdmhcxhfdm/2016/62/6201.html
620200000000,嘉峪关市,http://www.stats.gov.cn/tjsj/tjbz/tjyqhdmhcxhfdm/2016/62/6202.html
620300000000,金昌市,http://www.stats.gov.cn/tjsj/tjbz/tjyqhdmhcxhfdm/2016/62/6203.html
620400000000,白银市,http://www.stats.gov.cn/tjsj/tjbz/tjyqhdmhcxhfdm/2016/62/6204.html
620500000000,天水市,http://www.stats.gov.cn/tjsj/tjbz/tjyqhdmhcxhfdm/2016/62/6205.html
620600000000,武威市,http://www.stats.gov.cn/tjsj/tjbz/tjyqhdmhcxhfdm/2016/62/6206.html
620700000000,张掖市,http://www.stats.gov.cn/tjsj/tjbz/tjyqhdmhcxhfdm/2016/62/6207.html
620800000000,平凉市,http://www.stats.gov.cn/tjsj/tjbz/tjyqhdmhcxhfdm/2016/62/6208.html
620900000000,酒泉市,http://www.stats.gov.cn/tjsj/tjbz/tjyqhdmhcxhfdm/2016/62/6209.html
621000000000,庆阳市,http://www.stats.gov.cn/tjsj/tjbz/tjyqhdmhcxhfdm/2016/62/6210.html
621100000000,定西市,http://www.stats.gov.cn/tjsj/tjbz/tjyqhdmhcxhfdm/2016/62/6211.html
621200000000,陇南市,http://www.stats.gov.cn/tjsj/tjbz/tjyqhdmhcxhfdm/2016/62/6212.html
622900000000,临夏回族自治州,http://www.stats.gov.cn/tjsj/tjbz/tjyqhdmhcxhfdm/2016/62/6229.html
623000000000,甘南藏族自治州,http://www.stats.gov.cn/tjsj/tjbz/tjyqhdmhcxhfdm/2016/62/6230.html
630100000000,西宁市,http://www.stats.gov.cn/tjsj/tjbz/tjyqhdmhcxhfdm/2016/63/6301.html
630200000000,海东市,http://www.stats.gov.cn/tjsj/tjbz/tjyqhdmhcxhfdm/2016/63/6302.html
632200000000,海北藏族自治州,http://www.stats.gov.cn/tjsj/tjbz/tjyqhdmhcxhfdm/2016/63/6322.html
632300000000,黄南藏族自治州,http://www.stats.gov.cn/tjsj/tjbz/tjyqhdmhcxhfdm/2016/63/6323.html
632500000000,海南藏族自治州,http://www.stats.gov.cn/tjsj/tjbz/tjyqhdmhcxhfdm/2016/63/6325.html
632600000000,果洛藏族自治州,http://www.stats.gov.cn/tjsj/tjbz/tjyqhdmhcxhfdm/2016/63/6326.html
632700000000,玉树藏族自治州,http://www.stats.gov.cn/tjsj/tjbz/tjyqhdmhcxhfdm/2016/63/6327.html
632800000000,海西蒙古族藏族自治州,http://www.stats.gov.cn/tjsj/tjbz/tjyqhdmhcxhfdm/2016/63/6328.html
640100000000,银川市,http://www.stats.gov.cn/tjsj/tjbz/tjyqhdmhcxhfdm/2016/64/6401.html
640200000000,石嘴山市,http://www.stats.gov.cn/tjsj/tjbz/tjyqhdmhcxhfdm/2016/64/6402.html
640300000000,吴忠市,http://www.stats.gov.cn/tjsj/tjbz/tjyqhdmhcxhfdm/2016/64/6403.html
640400000000,固原市,http://www.stats.gov.cn/tjsj/tjbz/tjyqhdmhcxhfdm/2016/64/6404.html
640500000000,中卫市,http://www.stats.gov.cn/tjsj/tjbz/tjyqhdmhcxhfdm/2016/64/6405.html
650100000000,乌鲁木齐市,http://www.stats.gov.cn/tjsj/tjbz/tjyqhdmhcxhfdm/2016/65/6501.html
650200000000,克拉玛依市,http://www.stats.gov.cn/tjsj/tjbz/tjyqhdmhcxhfdm/2016/65/6502.html
650400000000,吐鲁番市,http://www.stats.gov.cn/tjsj/tjbz/tjyqhdmhcxhfdm/2016/65/6504.html
650500000000,哈密市,http://www.stats.gov.cn/tjsj/tjbz/tjyqhdmhcxhfdm/2016/65/6505.html
652300000000,昌吉回族自治州,http://www.stats.gov.cn/tjsj/tjbz/tjyqhdmhcxhfdm/2016/65/6523.html
652700000000,博尔塔拉蒙古自治州,http://www.stats.gov.cn/tjsj/tjbz/tjyqhdmhcxhfdm/2016/65/6527.html
652800000000,巴音郭楞蒙古自治州,http://www.stats.gov.cn/tjsj/tjbz/tjyqhdmhcxhfdm/2016/65/6528.html
652900000000,阿克苏地区,http://www.stats.gov.cn/tjsj/tjbz/tjyqhdmhcxhfdm/2016/65/6529.html
653000000000,克孜勒苏柯尔克孜自治州,http://www.stats.gov.cn/tjsj/tjbz/tjyqhdmhcxhfdm/2016/65/6530.html
653100000000,喀什地区,http://www.stats.gov.cn/tjsj/tjbz/tjyqhdmhcxhfdm/2016/65/6531.html
653200000000,和田地区,http://www.stats.gov.cn/tjsj/tjbz/tjyqhdmhcxhfdm/2016/65/6532.html
654000000000,伊犁哈萨克自治州,http://www.stats.gov.cn/tjsj/tjbz/tjyqhdmhcxhfdm/2016/65/6540.html
654200000000,塔城地区,http://www.stats.gov.cn/tjsj/tjbz/tjyqhdmhcxhfdm/2016/65/6542.html
654300000000,阿勒泰地区,http://www.stats.gov.cn/tjsj/tjbz/tjyqhdmhcxhfdm/2016/65/6543.html
659000000000,自治区直辖县级行政区划,http://www.stats.gov.cn/tjsj/tjbz/tjyqhdmhcxhfdm/2016/65/6590.html
